User,Role,Timestamp,Action,Result
W3PHXNA,Unknown,2025-05-09 04:34:24,Login,Failed
W3PHXNA,nurse,2025-05-09 04:34:25,Login,Success
W3PHXNA,nurse,2025-05-09 04:54:14,Login,Success
W3PHXNA,nurse,2025-05-09 04:55:41,Login,Success
W3PHXNA,nurse,2025-05-09 04:56:46,Login,Success
W3PHXNA,nurse,2025-05-09 04:58:00,Login,Success
W3PHXNA,nurse,2025-05-09 04:59:39,Login,Success
W3PHXNA,nurse,2025-05-09 05:00:32,Login,Success
W3PHXNA,nurse,2025-05-09 05:03:50,Login,Success
W3PHXNA,nurse,2025-05-09 05:10:14,Login,Success
W3PHXNA,nurse,2025-05-09 05:13:54,Login,Success
W3PHXNA,nurse,2025-05-09 05:15:49,Login,Success
W3PHXNA,nurse,2025-05-09 05:16:58,Login,Success
